-1315.9470682089207, 3.0, 13.0, 7.0, 6.0, 3.0, 3.0, 15.0, 10.0, 0.0, 3.0
-1315.9470682089136, 3.0, 13.0, 7.0, 6.0, 3.0, 3.0, 14.0, 9.0, 0.0, 3.0
-1315.9470682089136, 3.0, 13.0, 7.0, 6.0, 3.0, 3.0, 12.0, 8.0, 1.0, 3.0
-1315.9470682089136, 3.0, 13.0, 7.0, 5.0, 3.0, 3.0, 13.0, 7.0, 5.0, 3.0
-1315.9470682089136, 3.0, 16.0, 8.0, 2.0, 3.0, 5.0, 15.0, 8.0, 1.0, 5.0
-1315.9470682089207, 3.0, 16.0, 8.0, 2.0, 3.0, 3.0, 12.0, 6.0, 3.0, 3.0
-1315.9470682089277, 3.0, 16.0, 8.0, 2.0, 3.0, 3.0, 16.0, 8.0, 2.0, 3.0
-1315.9470682089136, 3.0, 15.0, 7.0, 3.0, 3.0, 5.0, 12.0, 7.0, 1.0, 5.0
-1315.9470682089136, 3.0, 15.0, 7.0, 3.0, 3.0, 5.0, 11.0, 6.0, 1.0, 5.0
-2519.013827096529, 3.0, 15.0, 7.0, 3.0, 3.0, 4.0, 10.0, 5.0, 1.0, 5.0
-2519.013827096529, 2.0, 14.0, 6.0, 4.0, 2.0, 6.0, 16.0, 7.0, 3.0, 7.0
-1315.9470682089136, 2.0, 14.0, 6.0, 4.0, 2.0, 4.0, 13.0, 6.0, 0.0, 4.0
-2519.013827096529, 3.0, 15.0, 6.0, 1.0, 3.0, 6.0, 19.0, 7.0, 1.0, 7.0
-112.29162630645817, 2.0, 15.0, 4.0, 0.0, 2.0, 1.0, 15.0, 4.0, 0.0, 2.0
-1315.9470682089136, 1.0, 11.0, 3.0, 1.0, 1.0, 5.0, 16.0, 7.0, 0.0, 5.0
-119.50001890544826, 1.0, 12.0, 3.0, 1.0, 1.0, 4.0, 16.0, 8.0, 0.0, 5.0
-1315.9470682089277, 1.0, 12.0, 3.0, 1.0, 1.0, 1.0, 12.0, 3.0, 1.0, 1.0
-1315.9470682089136, 1.0, 6.0, 2.0, 0.0, 1.0, 1.0, 6.0, 2.0, 0.0, 1.0
-1435.447087114362, 1.0, 2.0, 1.0, 0.0, 1.0, 3.0, 15.0, 7.0, 0.0, 4.0
-1315.9470682089136, 1.0, 2.0, 1.0, 0.0, 1.0, 3.0, 13.0, 6.0, 1.0, 3.0
-1435.447087114362, 0.0, 0.0, 0.0, 0.0, 0.0, 2.0, 8.0, 5.0, 0.0, 3.0
-2519.0138270965435, 0.0, 0.0, 0.0, 0.0, 0.0, 13.0, 58.0, 14.0, 1.0, 14.0
-1435.447087114362, 0.0, 0.0, 0.0, 0.0, 0.0, 1.0, 6.0, 2.0, 0.0, 2.0
-1435.447087114362, 0.0, 0.0, 0.0, 0.0, 0.0, 0.0, 2.0, 1.0, 0.0, 1.0
-2519.013827096529, 0.0, 0.0, 0.0, 0.0, 0.0, 12.0, 69.0, 13.0, 0.0, 13.0
-2519.0138270965576, 0.0, 0.0, 0.0, 0.0, 0.0, 12.0, 81.0, 13.0, 0.0, 13.0
-2406.133161001403, 0.0, 0.0, 0.0, 0.0, 0.0, 13.0, 109.0, 15.0, 0.0, 15.0
0.0, 0.0, 0.0, 0.0, 0.0, 0.0, 13.0, 113.0, 15.0, 0.0, 13.0
-3.752553823233114e-11, 0.0, 0.0, 0.0, 0.0, 0.0, 14.0, 124.0, 16.0, 0.0, 16.0
0.0, 0.0, 0.0, 0.0, 0.0, 0.0, 21.0, 171.0, 23.0, 0.0, 23.0
0.0, 0.0, 0.0, 0.0, 0.0, 0.0, 16.0, 167.0, 22.0, 4.0, 21.0
0.0, 0.0, 0.0, 0.0, 0.0, 0.0, 21.0, 170.0, 23.0, 0.0, 22.0
0.0, 0.0, 0.0, 0.0, 0.0, 0.0, 21.0, 166.0, 22.0, 5.0, 21.0
0.0, 0.0, 0.0, 0.0, 0.0, 0.0, 17.0, 162.0, 21.0, 4.0, 21.0
0.0, 0.0, 0.0, 0.0, 0.0, 0.0, 16.0, 146.0, 20.0, 0.0, 17.0
0.0, 0.0, 0.0, 0.0, 0.0, 0.0, 16.0, 143.0, 19.0, 2.0, 16.0
0.0, 0.0, 0.0, 0.0, 0.0, 0.0, 16.0, 137.0, 18.0, 3.0, 16.0
0.0, 0.0, 0.0, 0.0, 0.0, 0.0, 18.0, 154.0, 20.0, 0.0, 20.0
0.0, 0.0, 0.0, 0.0, 0.0, 0.0, 17.0, 150.0, 19.0, 1.0, 18.0
0.0, 0.0, 0.0, 0.0, 0.0, 0.0, 19.0, 157.0, 20.0, 0.0, 20.0
0.0, 0.0, 0.0, 0.0, 0.0, 0.0, 18.0, 166.0, 21.0, 0.0, 21.0
0.0, 0.0, 0.0, 0.0, 0.0, 0.0, 17.0, 156.0, 20.0, 0.0, 18.0
0.0, 0.0, 0.0, 0.0, 0.0, 0.0, 17.0, 156.0, 20.0, 1.0, 18.0
0.0, 0.0, 0.0, 0.0, 0.0, 0.0, 17.0, 156.0, 20.0, 3.0, 18.0
0.0, 0.0, 0.0, 0.0, 0.0, 0.0, 16.0, 149.0, 19.0, 3.0, 17.0
0.0, 0.0, 0.0, 0.0, 0.0, 0.0, 16.0, 166.0, 22.0, 0.0, 22.0
0.0, 0.0, 0.0, 0.0, 0.0, 0.0, 13.0, 159.0, 21.0, 5.0, 16.0
0.0, 0.0, 0.0, 0.0, 0.0, 0.0, 22.0, 172.0, 23.0, 0.0, 23.0
0.0, 0.0, 0.0, 0.0, 0.0, 0.0, 21.0, 167.0, 22.0, 2.0, 22.0
0.0, 0.0, 0.0, 0.0, 0.0, 0.0, 22.0, 181.0, 24.0, 0.0, 24.0
0.0, 0.0, 0.0, 0.0, 0.0, 0.0, 20.0, 175.0, 23.0, 4.0, 22.0
0.0, 0.0, 0.0, 0.0, 0.0, 0.0, 22.0, 180.0, 25.0, 1.0, 23.0
0.0, 0.0, 0.0, 0.0, 0.0, 0.0, 24.0, 191.0, 26.0, 0.0, 24.0
0.0, 0.0, 0.0, 0.0, 0.0, 0.0, 24.0, 184.0, 25.0, 3.0, 24.0
0.0, 0.0, 0.0, 0.0, 0.0, 0.0, 26.0, 200.0, 27.0, 0.0, 27.0
-1480.8410791098652, 2.0, 12.0, 7.0, 3.0, 2.0, 4.0, 12.0, 8.0, 4.0, 4.0
-1480.8410791098652, 2.0, 12.0, 7.0, 3.0, 2.0, 4.0, 11.0, 7.0, 4.0, 4.0
-1480.8410791098652, 3.0, 12.0, 6.0, 0.0, 3.0, 5.0, 13.0, 8.0, 4.0, 5.0
2331.7452212818353, 2.0, 12.0, 4.0, 4.0, 2.0, 2.0, 17.0, 10.0, 0.0, 5.0
-209.97897897927942, 2.0, 12.0, 4.0, 4.0, 2.0, 4.0, 17.0, 10.0, 0.0, 5.0
1060.883121151278, 2.0, 12.0, 4.0, 4.0, 2.0, 2.0, 15.0, 9.0, 0.0, 4.0
-1480.8410791098652, 2.0, 12.0, 4.0, 4.0, 2.0, 2.0, 14.0, 8.0, 0.0, 2.0
-1480.8410791098652, 2.0, 12.0, 4.0, 4.0, 2.0, 2.0, 13.0, 7.0, 1.0, 2.0
-1480.8410791098722, 2.0, 11.0, 4.0, 1.0, 2.0, 2.0, 12.0, 6.0, 1.0, 2.0
-1480.8410791098652, 2.0, 12.0, 4.0, 3.0, 2.0, 2.0, 13.0, 6.0, 0.0, 2.0
-1480.8410791098652, 2.0, 12.0, 4.0, 3.0, 2.0, 2.0, 12.0, 5.0, 0.0, 2.0
-2357.8983447358582, 2.0, 12.0, 4.0, 3.0, 2.0, 6.0, 19.0, 7.0, 0.0, 7.0
-1480.8410791098652, 2.0, 14.0, 4.0, 3.0, 2.0, 2.0, 13.0, 5.0, 0.0, 2.0
-1480.8410791098652, 2.0, 14.0, 4.0, 3.0, 2.0, 2.0, 11.0, 4.0, 0.0, 2.0
-3838.739423845709, 2.0, 14.0, 4.0, 3.0, 2.0, 6.0, 21.0, 7.0, 1.0, 7.0
1270.8621001305858, 2.0, 16.0, 4.0, 2.0, 2.0, 1.0, 12.0, 3.0, 0.0, 2.0
-1480.8410791098652, 2.0, 16.0, 4.0, 1.0, 2.0, 2.0, 16.0, 4.0, 1.0, 2.0
-2357.8983447358723, 2.0, 13.0, 3.0, 2.0, 2.0, 5.0, 19.0, 6.0, 2.0, 6.0
565.7661887710788, 8.0, 22.0, 8.0, 3.0, 8.0, 6.0, 22.0, 8.0, 3.0, 8.0
-1480.8410791098368, 6.0, 21.0, 7.0, 3.0, 6.0, 6.0, 21.0, 7.0, 3.0, 6.0
-1480.8410791098652, 6.0, 18.0, 6.0, 3.0, 6.0, 4.0, 16.0, 5.0, 0.0, 4.0
-1480.8410791098652, 6.0, 18.0, 6.0, 3.0, 6.0, 3.0, 16.0, 4.0, 0.0, 3.0
-1480.8410791098652, 8.0, 26.0, 8.0, 2.0, 8.0, 3.0, 19.0, 5.0, 0.0, 3.0
-1480.8410791098652, 8.0, 26.0, 8.0, 2.0, 8.0, 3.0, 17.0, 4.0, 0.0, 3.0
-4715.7966894717165, 8.0, 26.0, 8.0, 2.0, 8.0, 2.0, 15.0, 4.0, 2.0, 4.0
565.7661887710788, 5.0, 24.0, 7.0, 4.0, 5.0, 3.0, 24.0, 7.0, 4.0, 5.0
0.0, 3.0, 23.0, 6.0, 5.0, 3.0, 2.0, 7.0, 4.0, 0.0, 2.0
0.0, 3.0, 23.0, 6.0, 4.0, 3.0, 2.0, 5.0, 3.0, 1.0, 2.0
-1480.8410791098652, 3.0, 23.0, 6.0, 1.0, 3.0, 3.0, 23.0, 6.0, 1.0, 3.0
2046.6072678809155, 4.0, 22.0, 6.0, 1.0, 4.0, 2.0, 22.0, 6.0, 1.0, 4.0
0.0, 2.0, 22.0, 5.0, 1.0, 2.0, 2.0, 22.0, 5.0, 1.0, 2.0
-1480.8410791098368, 2.0, 17.0, 4.0, 2.0, 2.0, 2.0, 17.0, 4.0, 2.0, 2.0
-457.537445169379, 2.0, 15.0, 3.0, 1.0, 2.0, 1.0, 15.0, 3.0, 1.0, 2.0
-1480.8410791098936, 1.0, 11.0, 2.0, 3.0, 1.0, 1.0, 11.0, 2.0, 3.0, 1.0
-2357.8983447358723, 4.0, 8.0, 4.0, 2.0, 4.0, 2.0, 9.0, 3.0, 0.0, 3.0
-3838.7394238456523, 4.0, 8.0, 4.0, 2.0, 4.0, 1.0, 7.0, 2.0, 0.0, 2.0
-3838.739423845709, 4.0, 8.0, 4.0, 2.0, 4.0, 0.0, 2.0, 1.0, 0.0, 1.0
-457.5374451694074, 4.0, 8.0, 4.0, 2.0, 4.0, 3.0, 8.0, 4.0, 2.0, 4.0
-457.5374451693506, 3.0, 6.0, 3.0, 2.0, 3.0, 2.0, 6.0, 3.0, 2.0, 3.0
-209.97897897927942, 0.0, 0.0, 0.0, 0.0, 0.0, 7.0, 35.0, 8.0, 1.0, 8.0
-209.97897897933626, 0.0, 0.0, 0.0, 0.0, 0.0, 8.0, 43.0, 9.0, 0.0, 9.0
-209.97897897927942, 0.0, 0.0, 0.0, 0.0, 0.0, 7.0, 39.0, 8.0, 0.0, 8.0
1060.883121151278, 0.0, 0.0, 0.0, 0.0, 0.0, 5.0, 35.0, 7.0, 0.0, 7.0
-1480.8410791098368, 0.0, 0.0, 0.0, 0.0, 0.0, 5.0, 32.0, 6.0, 3.0, 5.0
1060.883121151278, 0.0, 0.0, 0.0, 0.0, 0.0, 3.0, 35.0, 5.0, 1.0, 5.0
2541.7242002611147, 0.0, 0.0, 0.0, 0.0, 0.0, 5.0, 42.0, 7.0, 0.0, 7.0
1060.883121151221, 0.0, 0.0, 0.0, 0.0, 0.0, 3.0, 38.0, 6.0, 1.0, 5.0
-1480.8410791098368, 0.0, 0.0, 0.0, 0.0, 0.0, 5.0, 38.0, 6.0, 4.0, 5.0
-209.97897897933626, 0.0, 0.0, 0.0, 0.0, 0.0, 4.0, 37.0, 5.0, 0.0, 5.0
-209.97897897927942, 0.0, 0.0, 0.0, 0.0, 0.0, 3.0, 29.0, 4.0, 0.0, 4.0
-209.97897897927942, 0.0, 0.0, 0.0, 0.0, 0.0, 3.0, 29.0, 4.0, 1.0, 4.0
2541.7242002611147, 0.0, 0.0, 0.0, 0.0, 0.0, 3.0, 33.0, 5.0, 0.0, 5.0
2541.7242002611715, 0.0, 0.0, 0.0, 0.0, 0.0, 1.0, 26.0, 4.0, 0.0, 3.0
0.0, 0.0, 0.0, 0.0, 0.0, 0.0, 3.0, 26.0, 4.0, 2.0, 3.0
2541.7242002611147, 0.0, 0.0, 0.0, 0.0, 0.0, 3.0, 35.0, 5.0, 0.0, 5.0
1270.8621001305573, 0.0, 0.0, 0.0, 0.0, 0.0, 4.0, 30.0, 5.0, 0.0, 5.0
2541.7242002611715, 0.0, 0.0, 0.0, 0.0, 0.0, 3.0, 32.0, 5.0, 0.0, 5.0
1270.8621001305573, 0.0, 0.0, 0.0, 0.0, 0.0, 2.0, 31.0, 5.0, 0.0, 3.0
1270.8621001305573, 0.0, 0.0, 0.0, 0.0, 0.0, 1.0, 25.0, 4.0, 2.0, 2.0
-1480.8410791098936, 0.0, 0.0, 0.0, 0.0, 0.0, 1.0, 4.0, 3.0, 0.0, 1.0
-1480.8410791098936, 0.0, 0.0, 0.0, 0.0, 0.0, 1.0, 2.0, 2.0, 0.0, 1.0
-209.97897897933626, 0.0, 0.0, 0.0, 0.0, 0.0, 0.0, 2.0, 1.0, 0.0, 1.0
0.0, 5.0, 24.0, 9.0, 5.0, 5.0, 8.0, 31.0, 14.0, 4.0, 9.0
0.0, 5.0, 24.0, 9.0, 5.0, 5.0, 3.0, 24.0, 9.0, 5.0, 5.0
0.0, 3.0, 16.0, 8.0, 4.0, 3.0, 6.0, 34.0, 14.0, 8.0, 7.0
0.0, 3.0, 16.0, 8.0, 4.0, 3.0, 7.0, 34.0, 14.0, 9.0, 7.0
0.0, 3.0, 16.0, 8.0, 4.0, 3.0, 7.0, 31.0, 13.0, 9.0, 7.0
0.0, 2.0, 12.0, 6.0, 3.0, 2.0, 2.0, 12.0, 6.0, 3.0, 2.0
0.0, 2.0, 8.0, 4.0, 1.0, 2.0, 13.0, 46.0, 21.0, 1.0, 13.0
0.0, 2.0, 8.0, 4.0, 1.0, 2.0, 13.0, 46.0, 21.0, 3.0, 13.0
0.0, 2.0, 8.0, 4.0, 1.0, 2.0, 13.0, 44.0, 20.0, 3.0, 13.0
0.0, 2.0, 8.0, 4.0, 0.0, 2.0, 13.0, 43.0, 19.0, 4.0, 13.0
0.0, 2.0, 10.0, 4.0, 2.0, 2.0, 14.0, 53.0, 21.0, 0.0, 16.0
0.0, 2.0, 10.0, 4.0, 2.0, 2.0, 14.0, 52.0, 20.0, 1.0, 14.0
0.0, 2.0, 10.0, 4.0, 2.0, 2.0, 14.0, 50.0, 19.0, 2.0, 14.0
0.0, 2.0, 10.0, 4.0, 2.0, 2.0, 14.0, 49.0, 18.0, 5.0, 14.0
0.0, 2.0, 9.0, 3.0, 2.0, 2.0, 14.0, 61.0, 21.0, 0.0, 14.0
0.0, 2.0, 9.0, 3.0, 2.0, 2.0, 14.0, 60.0, 20.0, 1.0, 14.0
0.0, 2.0, 9.0, 3.0, 1.0, 2.0, 14.0, 59.0, 19.0, 1.0, 14.0
0.0, 2.0, 9.0, 3.0, 1.0, 2.0, 0.0, 2.0, 1.0, 0.0, 1.0
0.0, 2.0, 11.0, 3.0, 3.0, 2.0, 14.0, 72.0, 21.0, 0.0, 15.0
0.0, 2.0, 11.0, 3.0, 3.0, 2.0, 15.0, 72.0, 21.0, 1.0, 15.0
0.0, 2.0, 11.0, 3.0, 3.0, 2.0, 15.0, 71.0, 20.0, 2.0, 15.0
0.0, 5.0, 16.0, 6.0, 2.0, 5.0, 13.0, 72.0, 18.0, 3.0, 13.0
0.0, 5.0, 16.0, 6.0, 2.0, 5.0, 13.0, 71.0, 17.0, 3.0, 13.0
0.0, 2.0, 10.0, 3.0, 2.0, 2.0, 23.0, 95.0, 24.0, 0.0, 24.0
0.0, 2.0, 10.0, 3.0, 2.0, 2.0, 23.0, 95.0, 24.0, 0.0, 24.0
0.0, 2.0, 10.0, 3.0, 2.0, 2.0, 22.0, 91.0, 23.0, 0.0, 23.0
0.0, 2.0, 10.0, 3.0, 2.0, 2.0, 21.0, 90.0, 22.0, 1.0, 22.0
-1042.0781204378216, 3.0, 18.0, 8.0, 2.0, 3.0, 3.0, 18.0, 8.0, 2.0, 3.0
1222.6458680603614, 4.0, 16.0, 7.0, 4.0, 4.0, 4.0, 21.0, 13.0, 2.0, 6.0
-1042.0781204378216, 4.0, 16.0, 7.0, 4.0, 4.0, 4.0, 20.0, 12.0, 2.0, 4.0
-1042.0781204378216, 7.0, 19.0, 8.0, 1.0, 7.0, 3.0, 19.0, 10.0, 0.0, 3.0
-1042.0781204378216, 7.0, 19.0, 8.0, 1.0, 7.0, 2.0, 10.0, 6.0, 1.0, 2.0
-1042.0781204378216, 7.0, 19.0, 8.0, 1.0, 7.0, 3.0, 18.0, 9.0, 0.0, 3.0
-1042.0781204378216, 7.0, 19.0, 8.0, 1.0, 7.0, 2.0, 8.0, 5.0, 1.0, 2.0
90.28387381127345, 8.0, 22.0, 8.0, 3.0, 8.0, 3.0, 19.0, 9.0, 4.0, 4.0
-1475.1604819954878, 8.0, 22.0, 8.0, 3.0, 8.0, 2.0, 10.0, 5.0, 0.0, 3.0
-2300.7699618639776, 8.0, 22.0, 8.0, 2.0, 8.0, 4.0, 22.0, 8.0, 2.0, 8.0
90.28387381127345, 11.0, 34.0, 11.0, 2.0, 11.0, 3.0, 12.0, 7.0, 0.0, 4.0
-1042.0781204378216, 11.0, 34.0, 11.0, 2.0, 11.0, 3.0, 11.0, 6.0, 0.0, 3.0
-1042.0781204378216, 11.0, 34.0, 11.0, 2.0, 11.0, 3.0, 9.0, 5.0, 0.0, 3.0
-1042.0781204378216, 11.0, 34.0, 11.0, 2.0, 11.0, 3.0, 8.0, 4.0, 0.0, 3.0
-1356.7510807943606, 11.0, 34.0, 11.0, 2.0, 11.0, 10.0, 34.0, 11.0, 2.0, 11.0
-1042.0781204378216, 10.0, 31.0, 10.0, 2.0, 10.0, 4.0, 14.0, 6.0, 1.0, 4.0
-1475.1604819954878, 10.0, 31.0, 10.0, 3.0, 10.0, 3.0, 12.0, 5.0, 2.0, 4.0
-1475.1604819954878, 10.0, 31.0, 10.0, 3.0, 10.0, 2.0, 11.0, 4.0, 3.0, 3.0
-1475.1604819954878, 13.0, 42.0, 13.0, 1.0, 13.0, 2.0, 5.0, 3.0, 0.0, 3.0
-1475.1604819954878, 13.0, 42.0, 13.0, 1.0, 13.0, 1.0, 4.0, 2.0, 0.0, 2.0
-1986.0970015074458, 13.0, 42.0, 13.0, 1.0, 13.0, 10.0, 42.0, 13.0, 1.0, 13.0
-1475.1604819954737, 13.0, 54.0, 13.0, 2.0, 13.0, 0.0, 4.0, 1.0, 0.0, 1.0
-1475.1604819954878, 13.0, 67.0, 13.0, 2.0, 13.0, 1.0, 6.0, 2.0, 0.0, 2.0
-1475.1604819954878, 13.0, 67.0, 13.0, 2.0, 13.0, 0.0, 1.0, 1.0, 0.0, 1.0
-1986.0970015074315, 13.0, 96.0, 13.0, 1.0, 13.0, 10.0, 96.0, 13.0, 1.0, 13.0
-1986.09700150746, 10.0, 91.0, 12.0, 3.0, 10.0, 7.0, 91.0, 12.0, 3.0, 10.0
-1986.0970015074458, 15.0, 81.0, 15.0, 0.0, 15.0, 12.0, 81.0, 15.0, 0.0, 15.0
-1042.0781204378216, 12.0, 79.0, 14.0, 1.0, 12.0, 12.0, 79.0, 14.0, 1.0, 12.0
0.0, 11.0, 63.0, 12.0, 1.0, 11.0, 11.0, 63.0, 12.0, 1.0, 11.0
-1356.7510807943677, 11.0, 61.0, 11.0, 2.0, 11.0, 10.0, 61.0, 11.0, 2.0, 11.0
-1356.7510807943677, 10.0, 58.0, 10.0, 1.0, 10.0, 9.0, 58.0, 10.0, 1.0, 10.0
-1986.0970015074315, 9.0, 53.0, 9.0, 3.0, 9.0, 6.0, 53.0, 9.0, 3.0, 9.0
-1042.0781204377931, 6.0, 51.0, 8.0, 3.0, 6.0, 6.0, 51.0, 8.0, 3.0, 6.0
0.0, 8.0, 55.0, 9.0, 7.0, 8.0, 8.0, 55.0, 9.0, 7.0, 8.0
-1356.7510807943393, 11.0, 66.0, 11.0, 0.0, 11.0, 10.0, 66.0, 11.0, 0.0, 11.0
-1986.0970015074315, 10.0, 72.0, 10.0, 1.0, 10.0, 7.0, 72.0, 10.0, 1.0, 10.0
-1356.7510807943393, 7.0, 69.0, 9.0, 5.0, 7.0, 6.0, 69.0, 9.0, 5.0, 7.0
-1042.0781204377931, 7.0, 64.0, 11.0, 0.0, 7.0, 7.0, 64.0, 11.0, 0.0, 7.0
-1042.07812043785, 7.0, 62.0, 10.0, 3.0, 7.0, 7.0, 62.0, 10.0, 3.0, 7.0
-1042.0781204378216, 7.0, 57.0, 9.0, 2.0, 7.0, 7.0, 57.0, 9.0, 2.0, 7.0
-1356.7510807943677, 7.0, 56.0, 8.0, 3.0, 7.0, 6.0, 56.0, 8.0, 3.0, 7.0
2264.72398849819, 8.0, 56.0, 8.0, 2.0, 8.0, 1.0, 11.0, 3.0, 0.0, 3.0
0.0, 10.0, 66.0, 10.0, 0.0, 10.0, 1.0, 3.0, 2.0, 0.0, 1.0
-629.3459207130923, 10.0, 66.0, 10.0, 0.0, 10.0, 8.0, 66.0, 10.0, 0.0, 10.0
1132.361994249095, 8.0, 57.0, 9.0, 0.0, 8.0, 0.0, 2.0, 1.0, 0.0, 1.0
0.0, 8.0, 57.0, 9.0, 0.0, 8.0, 8.0, 57.0, 9.0, 0.0, 8.0
-314.6729603565177, 8.0, 55.0, 8.0, 3.0, 8.0, 7.0, 55.0, 8.0, 3.0, 8.0
-1356.7510807943677, 7.0, 53.0, 7.0, 2.0, 7.0, 6.0, 53.0, 7.0, 2.0, 7.0
-1356.7510807943677, 7.0, 53.0, 7.0, 1.0, 7.0, 6.0, 53.0, 7.0, 1.0, 7.0
-1356.7510807943677, 7.0, 48.0, 7.0, 0.0, 7.0, 6.0, 48.0, 7.0, 0.0, 7.0
-1356.7510807943108, 6.0, 37.0, 6.0, 0.0, 6.0, 5.0, 37.0, 6.0, 0.0, 6.0
-1356.7510807943393, 5.0, 31.0, 5.0, 0.0, 5.0, 4.0, 31.0, 5.0, 0.0, 5.0
-1671.4240411508285, 4.0, 26.0, 4.0, 1.0, 4.0, 2.0, 26.0, 4.0, 1.0, 4.0
-1356.7510807943677, 4.0, 21.0, 4.0, 0.0, 4.0, 3.0, 21.0, 4.0, 0.0, 4.0
-1356.7510807943677, 3.0, 18.0, 3.0, 0.0, 3.0, 2.0, 18.0, 3.0, 0.0, 3.0
-1356.7510807944245, 4.0, 25.0, 4.0, 0.0, 4.0, 3.0, 25.0, 4.0, 0.0, 4.0
-1356.7510807943108, 3.0, 18.0, 3.0, 0.0, 3.0, 2.0, 18.0, 3.0, 0.0, 3.0
-1356.7510807943108, 3.0, 14.0, 3.0, 0.0, 3.0, 2.0, 14.0, 3.0, 0.0, 3.0
-1356.7510807943108, 2.0, 11.0, 2.0, 0.0, 2.0, 1.0, 11.0, 2.0, 0.0, 2.0
-1356.7510807943677, 1.0, 2.0, 1.0, 0.0, 1.0, 0.0, 2.0, 1.0, 0.0, 1.0
-1155.495581493227, 3.0, 13.0, 7.0, 6.0, 3.0, 3.0, 15.0, 10.0, 0.0, 3.0
-1155.4956136788733, 3.0, 13.0, 7.0, 6.0, 3.0, 3.0, 14.0, 9.0, 0.0, 3.0
-1155.4956142456306, 3.0, 13.0, 7.0, 6.0, 3.0, 3.0, 12.0, 8.0, 1.0, 3.0
-1155.4956142955639, 3.0, 13.0, 7.0, 5.0, 3.0, 3.0, 13.0, 7.0, 5.0, 3.0
-1155.495614295674, 3.0, 16.0, 8.0, 2.0, 3.0, 5.0, 15.0, 8.0, 1.0, 5.0
-1155.4956142956598, 3.0, 16.0, 8.0, 2.0, 3.0, 3.0, 12.0, 6.0, 3.0, 3.0
-848.9651457288687, 3.0, 16.0, 8.0, 2.0, 3.0, 4.0, 12.0, 7.0, 1.0, 5.0
-1155.4956142956883, 3.0, 16.0, 8.0, 2.0, 3.0, 3.0, 16.0, 8.0, 2.0, 3.0
-1155.495614295674, 3.0, 15.0, 7.0, 3.0, 3.0, 4.0, 11.0, 6.0, 2.0, 4.0
-1155.495614295674, 3.0, 15.0, 7.0, 3.0, 3.0, 4.0, 10.0, 5.0, 2.0, 4.0
-848.9651457288687, 2.0, 14.0, 6.0, 4.0, 2.0, 6.0, 16.0, 7.0, 3.0, 7.0
-1155.495614295674, 2.0, 14.0, 6.0, 4.0, 2.0, 4.0, 13.0, 6.0, 0.0, 4.0
-848.9651457288545, 3.0, 15.0, 6.0, 1.0, 3.0, 6.0, 19.0, 7.0, 1.0, 7.0
-1816.3909441084484, 2.0, 15.0, 4.0, 0.0, 2.0, 1.0, 15.0, 4.0, 0.0, 2.0
-1155.495614295674, 1.0, 11.0, 3.0, 1.0, 1.0, 5.0, 16.0, 7.0, 0.0, 5.0
-253.6136292913369, 1.0, 12.0, 3.0, 1.0, 1.0, 4.0, 16.0, 8.0, 0.0, 5.0
-1155.4956142956598, 1.0, 12.0, 3.0, 1.0, 1.0, 1.0, 12.0, 3.0, 1.0, 1.0
-1155.4956142956883, 1.0, 6.0, 2.0, 0.0, 1.0, 1.0, 6.0, 2.0, 0.0, 1.0
-1409.1092435869969, 1.0, 2.0, 1.0, 0.0, 1.0, 3.0, 15.0, 7.0, 0.0, 4.0
-848.9651457288687, 1.0, 2.0, 1.0, 0.0, 1.0, 8.0, 33.0, 9.0, 3.0, 9.0
-848.9651457288687, 1.0, 2.0, 1.0, 0.0, 1.0, 7.0, 31.0, 8.0, 4.0, 8.0
-1155.4956142956598, 1.0, 2.0, 1.0, 0.0, 1.0, 3.0, 13.0, 6.0, 3.0, 3.0
1226.1218742672497, 0.0, 0.0, 0.0, 0.0, 0.0, 7.0, 36.0, 11.0, 4.0, 11.0
0.0, 0.0, 0.0, 0.0, 0.0, 0.0, 7.0, 33.0, 10.0, 5.0, 7.0
-1155.4956142956883, 0.0, 0.0, 0.0, 0.0, 0.0, 7.0, 30.0, 9.0, 6.0, 7.0
-848.9651457288403, 0.0, 0.0, 0.0, 0.0, 0.0, 6.0, 27.0, 8.0, 6.0, 7.0
-1155.4956142956598, 0.0, 0.0, 0.0, 0.0, 0.0, 4.0, 10.0, 6.0, 0.0, 4.0
-1155.4956142956883, 0.0, 0.0, 0.0, 0.0, 0.0, 4.0, 9.0, 5.0, 0.0, 4.0
-848.9651457288971, 0.0, 0.0, 0.0, 0.0, 0.0, 6.0, 32.0, 9.0, 2.0, 7.0
-1155.4956142956883, 0.0, 0.0, 0.0, 0.0, 0.0, 6.0, 30.0, 8.0, 3.0, 6.0
-1155.4956142956883, 0.0, 0.0, 0.0, 0.0, 0.0, 6.0, 27.0, 7.0, 3.0, 6.0
-1155.4956142956598, 0.0, 0.0, 0.0, 0.0, 0.0, 6.0, 27.0, 7.0, 4.0, 6.0
-542.4346771620208, 0.0, 0.0, 0.0, 0.0, 0.0, 5.0, 30.0, 10.0, 2.0, 7.0
-848.9651457288687, 0.0, 0.0, 0.0, 0.0, 0.0, 4.0, 29.0, 9.0, 2.0, 5.0
-542.4346771620492, 0.0, 0.0, 0.0, 0.0, 0.0, 7.0, 36.0, 10.0, 0.0, 9.0
1839.1828114008604, 0.0, 0.0, 0.0, 0.0, 0.0, 6.0, 48.0, 12.0, 1.0, 12.0
306.5304685667911, 0.0, 0.0, 0.0, 0.0, 0.0, 5.0, 44.0, 11.0, 0.0, 6.0
-1155.4956142956598, 0.0, 0.0, 0.0, 0.0, 0.0, 5.0, 42.0, 10.0, 1.0, 5.0
-1155.4956142957167, 0.0, 0.0, 0.0, 0.0, 0.0, 5.0, 40.0, 9.0, 1.0, 5.0
-542.4346771620492, 0.0, 0.0, 0.0, 0.0, 0.0, 3.0, 38.0, 8.0, 2.0, 5.0
306.5304685667911, 0.0, 0.0, 0.0, 0.0, 0.0, 11.0, 47.0, 12.0, 0.0, 12.0
-848.9651457288403, 0.0, 0.0, 0.0, 0.0, 0.0, 11.0, 47.0, 12.0, 1.0, 12.0
613.0609371336107, 0.0, 0.0, 0.0, 0.0, 0.0, 13.0, 88.0, 15.0, 0.0, 15.0
-848.9651457288687, 0.0, 0.0, 0.0, 0.0, 0.0, 12.0, 87.0, 14.0, 1.0, 13.0
-848.9651457288687, 0.0, 0.0, 0.0, 0.0, 0.0, 11.0, 83.0, 13.0, 2.0, 12.0
306.53046856681954, 0.0, 0.0, 0.0, 0.0, 0.0, 10.0, 90.0, 13.0, 0.0, 11.0
70.62625997156147, 0.0, 0.0, 0.0, 0.0, 0.0, 6.0, 84.0, 12.0, 0.0, 10.0
0.0, 0.0, 0.0, 0.0, 0.0, 0.0, 6.0, 80.0, 11.0, 3.0, 6.0
-1155.4956142956598, 0.0, 0.0, 0.0, 0.0, 0.0, 6.0, 76.0, 10.0, 4.0, 6.0
306.53046856681954, 0.0, 0.0, 0.0, 0.0, 0.0, 10.0, 80.0, 12.0, 0.0, 11.0
0.0, 0.0, 0.0, 0.0, 0.0, 0.0, 10.0, 73.0, 11.0, 0.0, 10.0
-848.9651457288687, 0.0, 0.0, 0.0, 0.0, 0.0, 9.0, 69.0, 10.0, 0.0, 10.0
-542.4346771620208, 0.0, 0.0, 0.0, 0.0, 0.0, 9.0, 80.0, 11.0, 0.0, 11.0
-848.9651457288687, 0.0, 0.0, 0.0, 0.0, 0.0, 8.0, 77.0, 10.0, 1.0, 9.0
-848.9651457288687, 0.0, 0.0, 0.0, 0.0, 0.0, 10.0, 69.0, 11.0, 0.0, 11.0
-848.9651457288687, 0.0, 0.0, 0.0, 0.0, 0.0, 9.0, 67.0, 10.0, 0.0, 10.0
-542.4346771620208, 0.0, 0.0, 0.0, 0.0, 0.0, 8.0, 67.0, 10.0, 0.0, 10.0
-848.9651457288687, 0.0, 0.0, 0.0, 0.0, 0.0, 7.0, 64.0, 9.0, 1.0, 8.0
-848.9651457288687, 0.0, 0.0, 0.0, 0.0, 0.0, 6.0, 60.0, 8.0, 3.0, 7.0
-542.4346771620776, 0.0, 0.0, 0.0, 0.0, 0.0, 5.0, 49.0, 8.0, 0.0, 7.0
-848.9651457288119, 0.0, 0.0, 0.0, 0.0, 0.0, 4.0, 46.0, 7.0, 3.0, 5.0
-1155.4956142956598, 0.0, 0.0, 0.0, 0.0, 0.0, 4.0, 42.0, 6.0, 4.0, 4.0
613.0609371335822, 0.0, 0.0, 0.0, 0.0, 0.0, 2.0, 30.0, 6.0, 0.0, 4.0
0.0, 0.0, 0.0, 0.0, 0.0, 0.0, 2.0, 27.0, 5.0, 2.0, 2.0
0.0, 0.0, 0.0, 0.0, 0.0, 0.0, 2.0, 27.0, 5.0, 3.0, 2.0
-1155.4956142957167, 0.0, 0.0, 0.0, 0.0, 0.0, 2.0, 25.0, 4.0, 3.0, 2.0
0.0, 0.0, 0.0, 0.0, 0.0, 0.0, 2.0, 20.0, 4.0, 0.0, 2.0
306.53046856684796, 0.0, 0.0, 0.0, 0.0, 0.0, 1.0, 17.0, 3.0, 1.0, 2.0
306.5304685667911, 0.0, 0.0, 0.0, 0.0, 0.0, 1.0, 11.0, 3.0, 0.0, 2.0
-1155.4956142956598, 0.0, 0.0, 0.0, 0.0, 0.0, 1.0, 10.0, 2.0, 1.0, 1.0
306.53046856684796, 0.0, 0.0, 0.0, 0.0, 0.0, 1.0, 10.0, 2.0, 0.0, 2.0
306.53046856684796, 0.0, 0.0, 0.0, 0.0, 0.0, 0.0, 2.0, 1.0, 0.0, 1.0
0.0, 4.0, 19.0, 8.0, 4.0, 4.0, 3.0, 19.0, 8.0, 4.0, 4.0
0.0, 7.0, 23.0, 10.0, 3.0, 7.0, 6.0, 23.0, 10.0, 3.0, 7.0
0.0, 6.0, 21.0, 9.0, 4.0, 6.0, 5.0, 21.0, 9.0, 4.0, 6.0
0.0, 5.0, 19.0, 8.0, 4.0, 5.0, 1.0, 10.0, 5.0, 0.0, 3.0
0.0, 5.0, 19.0, 8.0, 5.0, 5.0, 4.0, 19.0, 8.0, 5.0, 5.0
0.0, 4.0, 18.0, 7.0, 6.0, 4.0, 2.0, 18.0, 7.0, 6.0, 4.0
0.0, 5.0, 22.0, 11.0, 3.0, 5.0, 4.0, 22.0, 11.0, 3.0, 5.0
0.0, 4.0, 21.0, 10.0, 4.0, 4.0, 3.0, 21.0, 10.0, 4.0, 4.0
0.0, 5.0, 25.0, 13.0, 0.0, 5.0, 2.0, 31.0, 8.0, 13.0, 2.0
0.0, 5.0, 25.0, 13.0, 1.0, 5.0, 2.0, 26.0, 7.0, 14.0, 2.0
0.0, 5.0, 25.0, 13.0, 2.0, 5.0, 5.0, 25.0, 13.0, 2.0, 5.0
0.0, 5.0, 24.0, 12.0, 3.0, 5.0, 5.0, 24.0, 12.0, 3.0, 5.0
0.0, 17.0, 37.0, 17.0, 1.0, 17.0, 16.0, 37.0, 17.0, 1.0, 17.0
0.0, 16.0, 35.0, 16.0, 3.0, 16.0, 15.0, 35.0, 16.0, 3.0, 16.0
0.0, 19.0, 51.0, 19.0, 1.0, 19.0, 1.0, 3.0, 2.0, 0.0, 1.0
0.0, 20.0, 65.0, 20.0, 3.0, 20.0, 1.0, 4.0, 2.0, 0.0, 2.0
0.0, 20.0, 65.0, 20.0, 2.0, 20.0, 19.0, 65.0, 20.0, 2.0, 20.0
0.0, 19.0, 62.0, 19.0, 1.0, 19.0, 18.0, 62.0, 19.0, 1.0, 19.0
0.0, 18.0, 61.0, 18.0, 3.0, 18.0, 2.0, 17.0, 3.0, 6.0, 3.0
0.0, 20.0, 71.0, 20.0, 0.0, 20.0, 1.0, 4.0, 2.0, 0.0, 2.0
0.0, 20.0, 71.0, 20.0, 3.0, 20.0, 19.0, 71.0, 20.0, 3.0, 20.0
2.2826185386359377e-10, 22.0, 82.0, 22.0, 0.0, 22.0, 21.0, 82.0, 22.0, 0.0, 22.0
-4.019007349155507e-11, 22.0, 82.0, 22.0, 1.0, 22.0, 21.0, 82.0, 22.0, 1.0, 22.0
2.220446049250321e-13, 21.0, 87.0, 21.0, 0.0, 21.0, 20.0, 87.0, 21.0, 0.0, 21.0
0.0, 20.0, 86.0, 20.0, 3.0, 20.0, 19.0, 86.0, 20.0, 3.0, 20.0
2.664535259100464e-12, 23.0, 105.0, 23.0, 0.0, 23.0, 22.0, 105.0, 23.0, 0.0, 23.0
-4.440892098500721e-13, 22.0, 103.0, 22.0, 2.0, 22.0, 21.0, 103.0, 22.0, 2.0, 22.0
0.01041536019455154, 23.0, 110.0, 23.0, 0.0, 23.0, 22.0, 110.0, 23.0, 0.0, 23.0
0.008440518970184637, 22.0, 106.0, 22.0, 2.0, 22.0, 21.0, 106.0, 22.0, 2.0, 22.0
0.006663584305015478, 21.0, 102.0, 21.0, 6.0, 21.0, 20.0, 102.0, 21.0, 6.0, 21.0
0.005056552835205024, 20.0, 97.0, 20.0, 7.0, 20.0, 19.0, 97.0, 20.0, 7.0, 20.0
0.0022412926172290055, 19.0, 94.0, 19.0, 10.0, 19.0, 15.0, 94.0, 19.0, 10.0, 19.0
-0.04920057179367185, 25.0, 114.0, 25.0, 1.0, 25.0, 2.0, 6.0, 3.0, 0.0, 3.0
-0.14356341405460102, 25.0, 114.0, 25.0, 1.0, 25.0, 1.0, 5.0, 2.0, 0.0, 2.0
0.2070361040697583, 25.0, 114.0, 25.0, 0.0, 25.0, 24.0, 114.0, 25.0, 0.0, 25.0
0.12151886849218219, 24.0, 110.0, 24.0, 1.0, 24.0, 23.0, 110.0, 24.0, 1.0, 24.0
1.4129505697386622, 28.0, 163.0, 28.0, 0.0, 28.0, 27.0, 163.0, 28.0, 0.0, 28.0
0.9520983128493699, 27.0, 162.0, 27.0, 0.0, 27.0, 25.0, 162.0, 27.0, 0.0, 27.0
0.0, 3.0, 16.0, 6.0, 1.0, 3.0, 3.0, 16.0, 6.0, 1.0, 3.0
0.0, 3.0, 14.0, 5.0, 1.0, 3.0, 3.0, 14.0, 5.0, 1.0, 3.0
0.0, 3.0, 14.0, 5.0, 2.0, 3.0, 4.0, 22.0, 9.0, 5.0, 5.0
0.0, 3.0, 14.0, 5.0, 2.0, 3.0, 4.0, 20.0, 8.0, 6.0, 4.0
0.0, 3.0, 17.0, 7.0, 0.0, 3.0, 9.0, 21.0, 11.0, 1.0, 10.0
0.0, 3.0, 17.0, 7.0, 0.0, 3.0, 3.0, 17.0, 7.0, 0.0, 3.0
0.0, 3.0, 17.0, 7.0, 1.0, 3.0, 3.0, 17.0, 7.0, 1.0, 3.0
0.0, 3.0, 16.0, 6.0, 1.0, 3.0, 3.0, 16.0, 6.0, 1.0, 3.0
0.0, 6.0, 18.0, 10.0, 3.0, 6.0, 6.0, 18.0, 10.0, 3.0, 6.0
0.0, 6.0, 17.0, 9.0, 3.0, 6.0, 6.0, 17.0, 9.0, 3.0, 6.0
0.0, 6.0, 16.0, 8.0, 3.0, 6.0, 5.0, 16.0, 8.0, 3.0, 6.0
0.0, 5.0, 15.0, 7.0, 3.0, 5.0, 4.0, 15.0, 7.0, 3.0, 5.0
0.0, 4.0, 14.0, 6.0, 4.0, 4.0, 4.0, 13.0, 6.0, 5.0, 5.0
0.0, 4.0, 14.0, 6.0, 5.0, 4.0, 3.0, 14.0, 6.0, 5.0, 4.0
0.0, 3.0, 12.0, 5.0, 2.0, 3.0, 1.0, 12.0, 5.0, 2.0, 3.0
0.0, 1.0, 10.0, 4.0, 2.0, 1.0, 1.0, 10.0, 4.0, 2.0, 1.0
0.0, 3.0, 11.0, 6.0, 0.0, 3.0, 4.0, 11.0, 6.0, 1.0, 5.0
0.0, 3.0, 11.0, 6.0, 0.0, 3.0, 3.0, 10.0, 5.0, 1.0, 4.0
0.0, 3.0, 11.0, 6.0, 0.0, 3.0, 2.0, 8.0, 4.0, 1.0, 3.0
0.0, 3.0, 11.0, 6.0, 0.0, 3.0, 2.0, 19.0, 4.0, 7.0, 2.0
0.0, 3.0, 11.0, 6.0, 0.0, 3.0, 1.0, 7.0, 3.0, 2.0, 2.0
0.0, 3.0, 11.0, 6.0, 0.0, 3.0, 2.0, 11.0, 6.0, 0.0, 3.0
0.0, 2.0, 10.0, 5.0, 0.0, 2.0, 2.0, 10.0, 5.0, 0.0, 2.0
0.0, 2.0, 11.0, 4.0, 1.0, 2.0, 1.0, 11.0, 4.0, 1.0, 2.0
0.0, 2.0, 11.0, 4.0, 1.0, 2.0, 2.0, 20.0, 4.0, 10.0, 3.0
0.0, 2.0, 11.0, 4.0, 1.0, 2.0, 1.0, 4.0, 2.0, 0.0, 2.0
0.0, 2.0, 13.0, 4.0, 2.0, 2.0, 2.0, 17.0, 4.0, 6.0, 3.0
0.0, 2.0, 13.0, 4.0, 3.0, 2.0, 1.0, 6.0, 2.0, 1.0, 2.0
0.0, 2.0, 8.0, 4.0, 3.0, 2.0, 2.0, 18.0, 4.0, 3.0, 3.0
0.0, 2.0, 8.0, 4.0, 2.0, 2.0, 1.0, 16.0, 3.0, 4.0, 2.0
0.0, 2.0, 8.0, 4.0, 2.0, 2.0, 2.0, 8.0, 4.0, 2.0, 2.0
0.0, 2.0, 7.0, 3.0, 2.0, 2.0, 0.0, 2.0, 1.0, 0.0, 1.0
0.0, 2.0, 7.0, 3.0, 2.0, 2.0, 2.0, 7.0, 3.0, 2.0, 2.0
0.0, 2.0, 9.0, 4.0, 1.0, 2.0, 2.0, 9.0, 4.0, 1.0, 2.0
0.0, 2.0, 7.0, 3.0, 1.0, 2.0, 2.0, 18.0, 4.0, 5.0, 3.0
0.0, 2.0, 7.0, 3.0, 1.0, 2.0, 2.0, 7.0, 3.0, 1.0, 2.0
0.0, 2.0, 5.0, 2.0, 1.0, 2.0, 1.0, 17.0, 3.0, 7.0, 2.0
0.0, 2.0, 5.0, 2.0, 2.0, 2.0, 1.0, 5.0, 2.0, 2.0, 2.0
0.0, 1.0, 3.0, 1.0, 2.0, 1.0, 0.0, 3.0, 1.0, 2.0, 1.0
0.0, 0.0, 0.0, 0.0, 0.0, 0.0, 2.0, 18.0, 4.0, 3.0, 3.0
0.0, 0.0, 0.0, 0.0, 0.0, 0.0, 1.0, 16.0, 3.0, 3.0, 2.0
0.0, 0.0, 0.0, 0.0, 0.0, 0.0, 1.0, 10.0, 2.0, 2.0, 1.0
0.0, 0.0, 0.0, 0.0, 0.0, 0.0, 2.0, 15.0, 4.0, 0.0, 4.0
0.0, 0.0, 0.0, 0.0, 0.0, 0.0, 1.0, 12.0, 3.0, 1.0, 2.0
0.0, 0.0, 0.0, 0.0, 0.0, 0.0, 1.0, 10.0, 2.0, 1.0, 1.0
0.0, 0.0, 0.0, 0.0, 0.0, 0.0, 2.0, 9.0, 4.0, 0.0, 4.0
0.0, 0.0, 0.0, 0.0, 0.0, 0.0, 2.0, 8.0, 3.0, 0.0, 2.0
0.0, 0.0, 0.0, 0.0, 0.0, 0.0, 1.0, 5.0, 2.0, 0.0, 2.0
0.0, 0.0, 0.0, 0.0, 0.0, 0.0, 0.0, 3.0, 1.0, 0.0, 1.0
0.0, 11.0, 29.0, 12.0, 3.0, 11.0, 10.0, 29.0, 12.0, 3.0, 11.0
0.0, 11.0, 29.0, 12.0, 5.0, 11.0, 1.0, 6.0, 3.0, 6.0, 1.0
0.0, 17.0, 57.0, 17.0, 2.0, 17.0, 4.0, 30.0, 7.0, 5.0, 5.0
0.0, 17.0, 57.0, 17.0, 3.0, 17.0, 16.0, 57.0, 17.0, 3.0, 17.0
0.0, 16.0, 54.0, 16.0, 6.0, 16.0, 14.0, 54.0, 16.0, 6.0, 16.0
0.0, 21.0, 71.0, 21.0, 0.0, 21.0, 3.0, 26.0, 6.0, 6.0, 5.0
0.0, 20.0, 85.0, 20.0, 1.0, 20.0, 17.0, 85.0, 20.0, 1.0, 20.0
0.0, 17.0, 81.0, 19.0, 1.0, 17.0, 17.0, 81.0, 19.0, 1.0, 17.0
0.0, 17.0, 79.0, 18.0, 2.0, 17.0, 17.0, 79.0, 18.0, 2.0, 17.0
0.0, 21.0, 96.0, 21.0, 0.0, 21.0, 19.0, 96.0, 21.0, 0.0, 21.0
0.0, 19.0, 95.0, 20.0, 0.0, 19.0, 18.0, 95.0, 20.0, 0.0, 19.0
0.0, 18.0, 93.0, 19.0, 3.0, 18.0, 15.0, 93.0, 19.0, 3.0, 18.0
0.0, 24.0, 94.0, 24.0, 0.0, 24.0, 23.0, 94.0, 24.0, 0.0, 24.0
0.0, 23.0, 93.0, 23.0, 0.0, 23.0, 21.0, 93.0, 23.0, 0.0, 23.0
0.0, 21.0, 91.0, 22.0, 0.0, 21.0, 20.0, 91.0, 22.0, 0.0, 21.0
0.0, 20.0, 90.0, 21.0, 1.0, 20.0, 16.0, 90.0, 21.0, 1.0, 20.0
0.0, 24.0, 109.0, 24.0, 1.0, 24.0, 23.0, 109.0, 24.0, 1.0, 24.0
0.0, 23.0, 106.0, 23.0, 1.0, 23.0, 22.0, 106.0, 23.0, 1.0, 23.0
0.0, 22.0, 104.0, 22.0, 2.0, 22.0, 1.0, 17.0, 4.0, 7.0, 3.0
0.0, 22.0, 104.0, 22.0, 1.0, 22.0, 1.0, 15.0, 3.0, 8.0, 1.0
0.0, 28.0, 151.0, 28.0, 0.0, 28.0, 27.0, 151.0, 28.0, 0.0, 28.0
0.0, 27.0, 150.0, 27.0, 2.0, 27.0, 26.0, 150.0, 27.0, 2.0, 27.0
-0.05630714576303873, 5.0, 21.0, 10.0, 1.0, 5.0, 4.0, 21.0, 10.0, 1.0, 5.0
-0.014599618785149027, 4.0, 20.0, 9.0, 2.0, 4.0, 4.0, 20.0, 9.0, 2.0, 4.0
-0.04361612066230064, 4.0, 19.0, 8.0, 5.0, 4.0, 2.0, 19.0, 8.0, 5.0, 4.0
-0.24707548114347144, 2.0, 18.0, 7.0, 6.0, 2.0, 6.0, 13.0, 7.0, 1.0, 6.0
-0.008224325356143203, 2.0, 18.0, 7.0, 7.0, 2.0, 2.0, 18.0, 7.0, 7.0, 2.0
-381.136979854344, 3.0, 17.0, 6.0, 2.0, 3.0, 1.0, 17.0, 6.0, 2.0, 3.0
-239.86600665632085, 3.0, 17.0, 6.0, 2.0, 3.0, 1.0, 17.0, 6.0, 2.0, 3.0
-597.1966751810648, 1.0, 16.0, 5.0, 4.0, 1.0, 9.0, 21.0, 10.0, 2.0, 9.0
-205.90891905993215, 1.0, 16.0, 5.0, 4.0, 1.0, 7.0, 21.0, 10.0, 3.0, 9.0
-993.7667866082691, 6.0, 21.0, 10.0, 0.0, 6.0, 6.0, 21.0, 10.0, 0.0, 6.0
-993.7667866082336, 6.0, 19.0, 9.0, 0.0, 6.0, 1.0, 11.0, 3.0, 6.0, 1.0
-134.17995535349547, 6.0, 19.0, 9.0, 0.0, 6.0, 3.0, 19.0, 9.0, 0.0, 6.0
-707.2378428566922, 3.0, 17.0, 8.0, 2.0, 3.0, 2.0, 17.0, 8.0, 2.0, 3.0
-707.2378428567063, 2.0, 15.0, 7.0, 3.0, 2.0, 1.0, 15.0, 7.0, 3.0, 2.0
-993.7667866082904, 1.0, 14.0, 6.0, 4.0, 1.0, 1.0, 14.0, 6.0, 4.0, 1.0
-993.7667866083046, 1.0, 13.0, 5.0, 4.0, 1.0, 5.0, 13.0, 7.0, 2.0, 5.0
-993.7667866082904, 1.0, 13.0, 5.0, 4.0, 1.0, 1.0, 13.0, 5.0, 4.0, 1.0
-993.7667866082904, 1.0, 11.0, 4.0, 4.0, 1.0, 5.0, 12.0, 6.0, 2.0, 5.0
-1701.8528248390155, 1.0, 11.0, 4.0, 4.0, 1.0, 4.0, 11.0, 5.0, 2.0, 5.0
-2409.938863069705, 1.0, 11.0, 4.0, 4.0, 1.0, 3.0, 11.0, 5.0, 2.0, 5.0
-1701.8528248389941, 2.0, 9.0, 4.0, 2.0, 2.0, 5.0, 12.0, 6.0, 1.0, 6.0
-1701.8528248389941, 2.0, 9.0, 4.0, 2.0, 2.0, 4.0, 10.0, 5.0, 2.0, 5.0
-1701.8528248389941, 2.0, 9.0, 4.0, 2.0, 2.0, 3.0, 9.0, 4.0, 3.0, 4.0
-993.7667866082904, 2.0, 9.0, 5.0, 0.0, 2.0, 2.0, 9.0, 5.0, 0.0, 2.0
-707.237842856685, 2.0, 6.0, 4.0, 1.0, 2.0, 1.0, 6.0, 4.0, 1.0, 2.0
-993.7667866082904, 1.0, 5.0, 3.0, 1.0, 1.0, 2.0, 7.0, 3.0, 1.0, 2.0
-993.7667866083189, 1.0, 5.0, 3.0, 1.0, 1.0, 1.0, 5.0, 3.0, 1.0, 1.0
-993.7667866082904, 1.0, 4.0, 2.0, 1.0, 1.0, 1.0, 4.0, 2.0, 1.0, 1.0
-1701.8528248389941, 1.0, 3.0, 1.0, 1.0, 1.0, 1.0, 6.0, 2.0, 1.0, 2.0
-1701.8528248389941, 1.0, 3.0, 1.0, 1.0, 1.0, 0.0, 2.0, 1.0, 0.0, 1.0
-707.2378428566992, 1.0, 4.0, 1.0, 1.0, 1.0, 0.0, 4.0, 1.0, 1.0, 1.0
-2312.6951215499503, 0.0, 0.0, 0.0, 0.0, 0.0, 3.0, 11.0, 4.0, 1.0, 4.0
-2312.695121549922, 0.0, 0.0, 0.0, 0.0, 0.0, 2.0, 8.0, 3.0, 0.0, 3.0
-2312.695121549922, 0.0, 0.0, 0.0, 0.0, 0.0, 1.0, 5.0, 2.0, 0.0, 2.0
-2312.6951215499503, 0.0, 0.0, 0.0, 0.0, 0.0, 0.0, 3.0, 1.0, 0.0, 1.0
-1031.8171823191733, 2.0, 16.0, 6.0, 9.0, 2.0, 4.0, 21.0, 11.0, 4.0, 4.0
-1031.8171823191733, 2.0, 16.0, 6.0, 11.0, 2.0, 4.0, 20.0, 10.0, 5.0, 4.0
-1031.8171823191874, 2.0, 16.0, 6.0, 11.0, 2.0, 4.0, 19.0, 9.0, 6.0, 4.0
-1031.8171823191733, 3.0, 11.0, 5.0, 6.0, 3.0, 5.0, 19.0, 11.0, 2.0, 5.0
-134.66356119049294, 3.0, 11.0, 5.0, 7.0, 3.0, 7.0, 20.0, 8.0, 6.0, 8.0
-134.66356119049294, 4.0, 14.0, 5.0, 8.0, 4.0, 8.0, 23.0, 9.0, 2.0, 9.0
-1146.7415465985198, 4.0, 14.0, 5.0, 8.0, 4.0, 2.0, 14.0, 5.0, 8.0, 4.0
-475.1008009708215, 2.0, 12.0, 4.0, 7.0, 2.0, 6.0, 19.0, 9.0, 2.0, 7.0
81.61558037755867, 2.0, 12.0, 4.0, 7.0, 2.0, 4.0, 18.0, 8.0, 3.0, 6.0
-134.66356119050715, 6.0, 15.0, 6.0, 9.0, 6.0, 10.0, 29.0, 11.0, 3.0, 11.0
-1089.2793644588323, 6.0, 15.0, 6.0, 9.0, 6.0, 5.0, 15.0, 6.0, 9.0, 6.0
-1146.7415465984914, 5.0, 16.0, 5.0, 6.0, 5.0, 3.0, 16.0, 5.0, 6.0, 5.0
-1146.7415465985198, 5.0, 18.0, 5.0, 7.0, 5.0, 3.0, 18.0, 5.0, 7.0, 5.0
-1146.7415465985198, 5.0, 18.0, 5.0, 7.0, 5.0, 3.0, 18.0, 5.0, 7.0, 5.0
-1031.8171823192017, 3.0, 15.0, 4.0, 6.0, 3.0, 3.0, 15.0, 4.0, 6.0, 3.0
638.3319617259247, 3.0, 12.0, 3.0, 5.0, 3.0, 4.0, 31.0, 7.0, 1.0, 7.0
-475.1008009708073, 3.0, 12.0, 3.0, 5.0, 3.0, 3.0, 28.0, 6.0, 4.0, 4.0
1670.1491440451264, 5.0, 12.0, 5.0, 4.0, 5.0, 5.0, 34.0, 10.0, 4.0, 8.0
-475.1008009708073, 5.0, 12.0, 5.0, 4.0, 5.0, 4.0, 28.0, 9.0, 7.0, 5.0
-475.1008009708073, 5.0, 12.0, 5.0, 3.0, 5.0, 3.0, 26.0, 8.0, 8.0, 4.0
-475.10080097083573, 5.0, 12.0, 5.0, 5.0, 5.0, 2.0, 22.0, 7.0, 8.0, 3.0
-1031.8171823192017, 5.0, 12.0, 5.0, 5.0, 5.0, 2.0, 20.0, 6.0, 10.0, 2.0
-1089.2793644588608, 5.0, 12.0, 5.0, 5.0, 5.0, 4.0, 12.0, 5.0, 5.0, 5.0
-134.66356119047873, 4.0, 10.0, 4.0, 4.0, 4.0, 10.0, 57.0, 11.0, 3.0, 11.0
-134.66356119050715, 3.0, 8.0, 3.0, 4.0, 3.0, 13.0, 70.0, 15.0, 2.0, 14.0
-134.66356119050715, 3.0, 8.0, 3.0, 3.0, 3.0, 12.0, 67.0, 14.0, 3.0, 13.0
-134.6635611904503, 3.0, 8.0, 3.0, 4.0, 3.0, 11.0, 65.0, 13.0, 5.0, 12.0
-475.1008009708073, 3.0, 8.0, 3.0, 4.0, 3.0, 6.0, 17.0, 7.0, 2.0, 7.0
-475.1008009707789, 3.0, 8.0, 3.0, 4.0, 3.0, 5.0, 16.0, 6.0, 3.0, 6.0
-1031.8171823191733, 3.0, 8.0, 3.0, 4.0, 3.0, 11.0, 63.0, 12.0, 6.0, 11.0
-1089.2793644588323, 3.0, 8.0, 3.0, 2.0, 3.0, 2.0, 8.0, 3.0, 2.0, 3.0
-1089.2793644588892, 2.0, 4.0, 2.0, 1.0, 2.0, 1.0, 4.0, 2.0, 1.0, 2.0
-475.1008009708073, 1.0, 3.0, 1.0, 1.0, 1.0, 4.0, 15.0, 5.0, 2.0, 5.0
-1089.2793644588608, 1.0, 3.0, 1.0, 2.0, 1.0, 0.0, 3.0, 1.0, 2.0, 1.0
-134.66356119047873, 0.0, 0.0, 0.0, 0.0, 0.0, 16.0, 87.0, 17.0, 1.0, 17.0
-475.1008009708073, 0.0, 0.0, 0.0, 0.0, 0.0, 6.0, 23.0, 7.0, 2.0, 7.0
-134.66356119050715, 0.0, 0.0, 0.0, 0.0, 0.0, 15.0, 92.0, 16.0, 2.0, 16.0
638.3319617259247, 0.0, 0.0, 0.0, 0.0, 0.0, 6.0, 28.0, 9.0, 1.0, 9.0
-134.66356119050715, 0.0, 0.0, 0.0, 0.0, 0.0, 14.0, 90.0, 15.0, 4.0, 15.0
-475.1008009708073, 0.0, 0.0, 0.0, 0.0, 0.0, 5.0, 27.0, 8.0, 2.0, 6.0
-475.1008009708073, 0.0, 0.0, 0.0, 0.0, 0.0, 5.0, 27.0, 8.0, 3.0, 6.0
-1031.8171823192301, 0.0, 0.0, 0.0, 0.0, 0.0, 5.0, 26.0, 7.0, 5.0, 5.0
-134.66356119047873, 0.0, 0.0, 0.0, 0.0, 0.0, 13.0, 88.0, 14.0, 4.0, 14.0
638.3319617259531, 0.0, 0.0, 0.0, 0.0, 0.0, 9.0, 37.0, 12.0, 1.0, 12.0
-134.66356119050715, 0.0, 0.0, 0.0, 0.0, 0.0, 16.0, 104.0, 17.0, 3.0, 17.0
2556.797302195577, 0.0, 0.0, 0.0, 0.0, 0.0, 12.0, 99.0, 16.0, 5.0, 16.0
-134.66356119050715, 0.0, 0.0, 0.0, 0.0, 0.0, 11.0, 97.0, 15.0, 8.0, 12.0
-877.4396920682577, 3.0, 21.0, 7.0, 8.0, 3.0, 2.0, 18.0, 8.0, 5.0, 4.0
-560.5237265701817, 3.0, 21.0, 7.0, 8.0, 3.0, 2.0, 21.0, 7.0, 8.0, 3.0
176.52398412518266, 3.0, 15.0, 6.0, 7.0, 3.0, 2.0, 16.0, 5.0, 4.0, 3.0
-621.8110153470775, 3.0, 15.0, 6.0, 7.0, 3.0, 7.0, 23.0, 11.0, 3.0, 7.0
-560.5237265701817, 3.0, 15.0, 6.0, 8.0, 3.0, 2.0, 15.0, 6.0, 8.0, 3.0
-560.5237265701817, 2.0, 14.0, 5.0, 8.0, 2.0, 1.0, 14.0, 5.0, 8.0, 2.0
-749.6253537076711, 1.0, 13.0, 4.0, 10.0, 1.0, 6.0, 20.0, 10.0, 3.0, 7.0
974.8589835974358, 4.0, 14.0, 6.0, 7.0, 4.0, 3.0, 16.0, 8.0, 2.0, 5.0
-621.8110153470775, 4.0, 14.0, 6.0, 7.0, 4.0, 3.0, 13.0, 7.0, 4.0, 3.0
-621.8110153470633, 3.0, 13.0, 5.0, 7.0, 3.0, 3.0, 13.0, 5.0, 7.0, 3.0
-621.8110153470775, 3.0, 9.0, 4.0, 6.0, 3.0, 6.0, 24.0, 12.0, 4.0, 6.0
-621.8110153470775, 3.0, 9.0, 4.0, 6.0, 3.0, 6.0, 22.0, 11.0, 3.0, 6.0
-621.8110153470633, 3.0, 9.0, 4.0, 4.0, 3.0, 6.0, 21.0, 10.0, 6.0, 6.0
-621.8110153470633, 3.0, 9.0, 4.0, 6.0, 3.0, 6.0, 19.0, 9.0, 6.0, 6.0
-621.8110153470775, 3.0, 9.0, 4.0, 6.0, 3.0, 6.0, 18.0, 8.0, 7.0, 6.0
-499.23643779328586, 3.0, 9.0, 3.0, 5.0, 3.0, 1.0, 9.0, 3.0, 5.0, 3.0
-749.6253537076711, 1.0, 8.0, 2.0, 7.0, 1.0, 3.0, 20.0, 9.0, 2.0, 4.0
-621.8110153470633, 1.0, 8.0, 2.0, 7.0, 1.0, 3.0, 19.0, 8.0, 4.0, 3.0
-621.8110153470775, 1.0, 8.0, 2.0, 7.0, 1.0, 3.0, 18.0, 7.0, 4.0, 3.0
-127.81433836059364, 4.0, 12.0, 4.0, 5.0, 4.0, 7.0, 17.0, 9.0, 2.0, 8.0
-560.5237265701817, 4.0, 12.0, 4.0, 5.0, 4.0, 3.0, 12.0, 4.0, 5.0, 4.0
-621.8110153470775, 3.0, 10.0, 3.0, 6.0, 3.0, 7.0, 16.0, 8.0, 3.0, 7.0
2395.0049984167663, 6.0, 17.0, 6.0, 5.0, 6.0, 8.0, 30.0, 11.0, 6.0, 11.0
-437.9491490163758, 6.0, 17.0, 6.0, 5.0, 6.0, 3.0, 17.0, 6.0, 5.0, 6.0
-621.8110153470775, 3.0, 15.0, 5.0, 7.0, 3.0, 3.0, 15.0, 5.0, 7.0, 3.0
1596.669998944506, 5.0, 18.0, 5.0, 7.0, 5.0, 12.0, 42.0, 14.0, 1.0, 14.0
176.52398412516845, 5.0, 18.0, 5.0, 7.0, 5.0, 11.0, 41.0, 13.0, 3.0, 12.0
-560.5237265701817, 5.0, 18.0, 5.0, 7.0, 5.0, 4.0, 18.0, 5.0, 7.0, 5.0
1596.669998944506, 5.0, 21.0, 5.0, 8.0, 5.0, 14.0, 54.0, 16.0, 2.0, 16.0
974.8589835974144, 5.0, 21.0, 5.0, 8.0, 5.0, 12.0, 49.0, 15.0, 3.0, 14.0
176.52398412516845, 5.0, 21.0, 5.0, 8.0, 5.0, 11.0, 47.0, 14.0, 4.0, 12.0
176.52398412516845, 5.0, 21.0, 5.0, 8.0, 5.0, 10.0, 46.0, 13.0, 5.0, 11.0
-499.23643779328586, 5.0, 21.0, 5.0, 8.0, 5.0, 3.0, 21.0, 5.0, 8.0, 5.0
176.52398412518266, 7.0, 27.0, 7.0, 9.0, 7.0, 11.0, 57.0, 15.0, 2.0, 12.0
176.52398412516845, 7.0, 27.0, 7.0, 9.0, 7.0, 10.0, 53.0, 14.0, 4.0, 11.0
3369.863982014195, 7.0, 27.0, 7.0, 9.0, 7.0, 5.0, 49.0, 13.0, 6.0, 10.0
176.52398412519688, 7.0, 27.0, 7.0, 7.0, 7.0, 4.0, 48.0, 12.0, 8.0, 5.0
0.0, 7.0, 27.0, 7.0, 8.0, 7.0, 4.0, 46.0, 11.0, 9.0, 4.0
-621.8110153470775, 7.0, 27.0, 7.0, 7.0, 7.0, 4.0, 42.0, 10.0, 9.0, 4.0
-621.8110153470633, 7.0, 27.0, 7.0, 8.0, 7.0, 4.0, 41.0, 9.0, 10.0, 4.0
176.52398412519688, 8.0, 25.0, 8.0, 5.0, 8.0, 14.0, 45.0, 16.0, 1.0, 15.0
176.52398412516845, 8.0, 25.0, 8.0, 6.0, 8.0, 13.0, 41.0, 15.0, 0.0, 14.0
176.52398412519688, 8.0, 25.0, 8.0, 6.0, 8.0, 12.0, 40.0, 14.0, 0.0, 13.0
176.52398412516845, 8.0, 25.0, 8.0, 7.0, 8.0, 11.0, 39.0, 13.0, 3.0, 12.0
3369.863982014195, 8.0, 25.0, 8.0, 7.0, 8.0, 6.0, 36.0, 12.0, 4.0, 11.0
176.52398412519688, 8.0, 25.0, 8.0, 7.0, 8.0, 5.0, 34.0, 11.0, 6.0, 6.0
-621.8110153470775, 8.0, 25.0, 8.0, 7.0, 8.0, 5.0, 33.0, 10.0, 7.0, 5.0
-560.5237265701675, 8.0, 25.0, 8.0, 5.0, 8.0, 7.0, 25.0, 8.0, 5.0, 8.0
-437.94914901639004, 7.0, 23.0, 7.0, 6.0, 7.0, 4.0, 23.0, 7.0, 6.0, 7.0
-560.5237265701817, 4.0, 22.0, 6.0, 9.0, 4.0, 3.0, 22.0, 6.0, 9.0, 4.0
974.8589835974286, 12.0, 33.0, 12.0, 2.0, 12.0, 11.0, 38.0, 13.0, 1.0, 13.0
798.3349994722602, 12.0, 33.0, 12.0, 2.0, 12.0, 10.0, 35.0, 12.0, 3.0, 11.0
-621.8110153470775, 12.0, 33.0, 12.0, 2.0, 12.0, 10.0, 28.0, 11.0, 4.0, 10.0
176.52398412518266, 12.0, 33.0, 12.0, 2.0, 12.0, 9.0, 26.0, 10.0, 3.0, 10.0
176.52398412516845, 12.0, 45.0, 12.0, 3.0, 12.0, 12.0, 34.0, 13.0, 1.0, 13.0
176.52398412518266, 12.0, 55.0, 12.0, 4.0, 12.0, 13.0, 45.0, 14.0, 0.0, 14.0
176.52398412518266, 12.0, 55.0, 12.0, 3.0, 12.0, 12.0, 44.0, 13.0, 2.0, 13.0
176.52398412518266, 12.0, 55.0, 12.0, 3.0, 12.0, 11.0, 42.0, 12.0, 4.0, 12.0
2571.528982541949, 12.0, 55.0, 12.0, 4.0, 12.0, 7.0, 41.0, 11.0, 5.0, 11.0
974.8589835974428, 12.0, 55.0, 12.0, 4.0, 12.0, 9.0, 41.0, 11.0, 7.0, 11.0
176.52398412516845, 17.0, 72.0, 17.0, 3.0, 17.0, 10.0, 44.0, 11.0, 4.0, 11.0
176.52398412518266, 17.0, 72.0, 17.0, 3.0, 17.0, 9.0, 42.0, 10.0, 5.0, 10.0
-133.44935859326233, 8.0, 35.0, 13.0, 6.0, 8.0, 8.0, 35.0, 13.0, 6.0, 8.0
-133.44935671877954, 8.0, 33.0, 12.0, 7.0, 8.0, 3.0, 11.0, 6.0, 2.0, 3.0
-133.4493580403642, 10.0, 39.0, 12.0, 7.0, 10.0, 10.0, 39.0, 12.0, 7.0, 10.0
-133.4493584518359, 10.0, 38.0, 11.0, 7.0, 10.0, 10.0, 38.0, 11.0, 7.0, 10.0
-133.44937184704264, 10.0, 39.0, 10.0, 11.0, 10.0, 4.0, 19.0, 6.0, 1.0, 4.0
-133.44936454306477, 10.0, 39.0, 10.0, 11.0, 10.0, 4.0, 16.0, 5.0, 1.0, 4.0
-218.24988494049967, 10.0, 39.0, 10.0, 11.0, 10.0, 7.0, 17.0, 8.0, 1.0, 8.0
634.063715498911, 11.0, 44.0, 11.0, 9.0, 11.0, 3.0, 20.0, 5.0, 1.0, 5.0
-79.0722046138761, 11.0, 44.0, 11.0, 7.0, 11.0, 10.0, 44.0, 11.0, 7.0, 11.0
84.05929564330705, 10.0, 42.0, 10.0, 9.0, 10.0, 6.0, 42.0, 10.0, 9.0, 10.0
-133.4493715751428, 6.0, 40.0, 9.0, 13.0, 6.0, 6.0, 40.0, 9.0, 13.0, 6.0
-218.24990754992157, 6.0, 39.0, 8.0, 14.0, 6.0, 5.0, 15.0, 6.0, 2.0, 6.0
-218.24990935782296, 6.0, 39.0, 8.0, 14.0, 6.0, 4.0, 13.0, 5.0, 2.0, 5.0
951.0955711963369, 11.0, 50.0, 11.0, 8.0, 11.0, 2.0, 19.0, 5.0, 1.0, 5.0
-218.24990418911128, 11.0, 50.0, 11.0, 10.0, 11.0, 5.0, 17.0, 6.0, 3.0, 6.0
-303.05044521047364, 11.0, 50.0, 11.0, 10.0, 11.0, 3.0, 14.0, 5.0, 1.0, 5.0
-218.24982250036663, 16.0, 54.0, 16.0, 4.0, 16.0, 4.0, 12.0, 5.0, 0.0, 5.0
-218.24986065279361, 16.0, 54.0, 16.0, 4.0, 16.0, 3.0, 9.0, 4.0, 1.0, 4.0
-79.0721958469014, 16.0, 54.0, 16.0, 3.0, 16.0, 15.0, 54.0, 16.0, 3.0, 16.0
-218.24564318240112, 20.0, 71.0, 20.0, 1.0, 20.0, 3.0, 9.0, 4.0, 0.0, 4.0
-79.07139227578774, 20.0, 71.0, 20.0, 2.0, 20.0, 19.0, 71.0, 20.0, 2.0, 20.0
247.18876771571985, 19.0, 68.0, 19.0, 2.0, 19.0, 12.0, 68.0, 19.0, 2.0, 19.0
-79.0711473846919, 12.0, 67.0, 18.0, 6.0, 12.0, 11.0, 67.0, 18.0, 6.0, 12.0
-79.07130233601833, 11.0, 64.0, 17.0, 10.0, 11.0, 10.0, 64.0, 17.0, 10.0, 11.0
-218.2479205087642, 10.0, 63.0, 16.0, 12.0, 10.0, 2.0, 7.0, 3.0, 3.0, 3.0
-218.24731136963925, 10.0, 63.0, 16.0, 12.0, 10.0, 2.0, 7.0, 3.0, 3.0, 3.0
-218.24910370746053, 21.0, 80.0, 21.0, 0.0, 21.0, 1.0, 4.0, 2.0, 0.0, 2.0
-218.24977942550385, 21.0, 99.0, 21.0, 2.0, 21.0, 1.0, 4.0, 2.0, 0.0, 2.0
-218.24985972127564, 21.0, 99.0, 21.0, 4.0, 21.0, 0.0, 2.0, 1.0, 0.0, 1.0
-218.2498990461923, 22.0, 121.0, 22.0, 4.0, 22.0, 0.0, 3.0, 1.0, 0.0, 1.0
-79.07220520526081, 22.0, 138.0, 22.0, 2.0, 22.0, 21.0, 138.0, 22.0, 2.0, 22.0
-24.695038459235263, 22.0, 151.0, 22.0, 1.0, 22.0, 20.0, 151.0, 22.0, 1.0, 22.0
-79.07220627837219, 22.0, 151.0, 22.0, 2.0, 22.0, 21.0, 151.0, 22.0, 2.0, 22.0
-466.06796581964716, 3.0, 24.0, 7.0, 9.0, 3.0, 4.0, 19.0, 10.0, 1.0, 4.0
-466.067965819601, 3.0, 24.0, 7.0, 9.0, 3.0, 4.0, 17.0, 9.0, 2.0, 4.0
-466.0679658195761, 3.0, 24.0, 7.0, 9.0, 3.0, 4.0, 16.0, 8.0, 3.0, 4.0
-1.004372940765696, 9.0, 30.0, 13.0, 10.0, 9.0, 8.0, 30.0, 13.0, 10.0, 9.0
6.229357034422375e-07, 6.0, 34.0, 11.0, 11.0, 6.0, 3.0, 9.0, 4.0, 1.0, 4.0
1.5543122344752208e-12, 6.0, 34.0, 11.0, 11.0, 6.0, 1.0, 5.0, 3.0, 0.0, 3.0
0.0, 6.0, 34.0, 11.0, 11.0, 6.0, 1.0, 3.0, 2.0, 1.0, 1.0
0.0, 6.0, 40.0, 13.0, 8.0, 6.0, 6.0, 40.0, 13.0, 8.0, 6.0
0.0, 6.0, 38.0, 12.0, 7.0, 6.0, 7.0, 36.0, 14.0, 7.0, 14.0
0.0, 6.0, 38.0, 12.0, 7.0, 6.0, 7.0, 35.0, 13.0, 8.0, 7.0
0.0, 6.0, 38.0, 12.0, 7.0, 6.0, 6.0, 38.0, 12.0, 7.0, 6.0
0.0, 4.0, 31.0, 13.0, 6.0, 4.0, 7.0, 30.0, 13.0, 5.0, 8.0
0.0, 4.0, 31.0, 13.0, 7.0, 4.0, 4.0, 31.0, 13.0, 7.0, 4.0
0.0, 8.0, 31.0, 15.0, 6.0, 8.0, 6.0, 27.0, 11.0, 6.0, 6.0
0.0, 8.0, 31.0, 15.0, 7.0, 8.0, 6.0, 26.0, 10.0, 7.0, 6.0
0.0, 8.0, 31.0, 15.0, 7.0, 8.0, 8.0, 31.0, 15.0, 7.0, 8.0
